alpha,cl,cd,cm,ld,re,ncrit
-5.000000,-0.218200,0.007800,-0.080500,-27.974359,2000000.000000,6.000000
-4.850000,-0.201300,0.007670,-0.080500,-26.245111,2000000.000000,6.000000
-4.700000,-0.184000,0.007580,-0.080600,-24.274406,2000000.000000,6.000000
-4.550000,-0.166800,0.007500,-0.080700,-22.240000,2000000.000000,6.000000
-4.400000,-0.149600,0.007420,-0.080700,-20.161725,2000000.000000,6.000000
-4.100000,-0.115100,0.007250,-0.080800,-15.875862,2000000.000000,6.000000
-3.950000,-0.097800,0.007180,-0.080900,-13.621170,2000000.000000,6.000000
-3.800000,-0.080600,0.007130,-0.081000,-11.304348,2000000.000000,6.000000
-3.650000,-0.063400,0.007060,-0.081100,-8.980170,2000000.000000,6.000000
-3.500000,-0.046000,0.006980,-0.081200,-6.590258,2000000.000000,6.000000
-3.350000,-0.028700,0.006840,-0.081300,-4.195906,2000000.000000,6.000000
-3.200000,-0.011400,0.006760,-0.081300,-1.686391,2000000.000000,6.000000
-3.050000,0.005800,0.006700,-0.081400,0.865672,2000000.000000,6.000000
-2.900000,0.023300,0.006640,-0.081600,3.509036,2000000.000000,6.000000
-2.750000,0.040700,0.006590,-0.081700,6.176024,2000000.000000,6.000000
-2.600000,0.058100,0.006550,-0.081800,8.870229,2000000.000000,6.000000
-2.450000,0.075300,0.006520,-0.081900,11.549080,2000000.000000,6.000000
-2.300000,0.092800,0.006460,-0.082000,14.365325,2000000.000000,6.000000
-2.150000,0.110300,0.006400,-0.082100,17.234375,2000000.000000,6.000000
-2.000000,0.127600,0.006350,-0.082200,20.094488,2000000.000000,6.000000
-1.850000,0.144900,0.006320,-0.082300,22.927215,2000000.000000,6.000000
-1.700000,0.162400,0.006280,-0.082500,25.859873,2000000.000000,6.000000
-1.550000,0.179900,0.006220,-0.082600,28.922830,2000000.000000,6.000000
-1.100000,0.231800,0.005620,-0.083400,41.245552,2000000.000000,6.000000
-0.950000,0.249200,0.005290,-0.083800,47.107750,2000000.000000,6.000000
-0.800000,0.266500,0.004900,-0.084300,54.387755,2000000.000000,6.000000
-0.650000,0.283800,0.004600,-0.084600,61.695652,2000000.000000,6.000000
-0.500000,0.301200,0.004500,-0.084800,66.933333,2000000.000000,6.000000
-0.350000,0.318700,0.004440,-0.085000,71.779279,2000000.000000,6.000000
-0.200000,0.336300,0.004410,-0.085100,76.258503,2000000.000000,6.000000
-0.050000,0.353700,0.004400,-0.085200,80.386364,2000000.000000,6.000000
0.100000,0.371000,0.004390,-0.085300,84.510251,2000000.000000,6.000000
0.250000,0.388500,0.004380,-0.085500,88.698630,2000000.000000,6.000000
0.400000,0.405900,0.004410,-0.085600,92.040816,2000000.000000,6.000000
0.550000,0.423000,0.004440,-0.085600,95.270270,2000000.000000,6.000000
0.700000,0.440000,0.004490,-0.085700,97.995546,2000000.000000,6.000000
0.850000,0.457200,0.004530,-0.085700,100.927152,2000000.000000,6.000000
1.000000,0.474500,0.004570,-0.085800,103.829322,2000000.000000,6.000000
1.150000,0.491600,0.004610,-0.085900,106.637744,2000000.000000,6.000000
1.300000,0.508600,0.004670,-0.085900,108.907923,2000000.000000,6.000000
1.450000,0.525300,0.004750,-0.085900,110.589474,2000000.000000,6.000000
1.750000,0.556600,0.005110,-0.085500,108.923679,2000000.000000,6.000000
1.900000,0.570000,0.005520,-0.084900,103.260870,2000000.000000,6.000000
2.050000,0.582100,0.006080,-0.084200,95.740132,2000000.000000,6.000000
2.350000,0.607400,0.007120,-0.083000,85.308989,2000000.000000,6.000000
2.500000,0.622000,0.007450,-0.082700,83.489933,2000000.000000,6.000000
2.800000,0.651700,0.008020,-0.082100,81.259352,2000000.000000,6.000000
2.950000,0.667100,0.008260,-0.081900,80.762712,2000000.000000,6.000000
3.100000,0.683100,0.008420,-0.081700,81.128266,2000000.000000,6.000000
3.250000,0.699700,0.008520,-0.081700,82.124413,2000000.000000,6.000000
3.400000,0.716100,0.008630,-0.081600,82.977984,2000000.000000,6.000000
3.550000,0.732600,0.008730,-0.081600,83.917526,2000000.000000,6.000000
3.700000,0.749200,0.008820,-0.081500,84.943311,2000000.000000,6.000000
3.850000,0.765900,0.008910,-0.081500,85.959596,2000000.000000,6.000000
4.000000,0.782400,0.009000,-0.081400,86.933333,2000000.000000,6.000000
4.150000,0.798700,0.009110,-0.081300,87.672887,2000000.000000,6.000000
4.300000,0.814900,0.009260,-0.081200,88.002160,2000000.000000,6.000000
4.450000,0.831200,0.009370,-0.081100,88.708645,2000000.000000,6.000000
4.600000,0.847500,0.009480,-0.080900,89.398734,2000000.000000,6.000000
4.750000,0.863700,0.009610,-0.080800,89.875130,2000000.000000,6.000000
4.900000,0.879700,0.009740,-0.080600,90.318275,2000000.000000,6.000000
5.050000,0.895600,0.009900,-0.080400,90.464646,2000000.000000,6.000000
5.200000,0.911200,0.010080,-0.080200,90.396825,2000000.000000,6.000000
5.350000,0.927100,0.010230,-0.080000,90.625611,2000000.000000,6.000000
5.500000,0.943000,0.010370,-0.079800,90.935391,2000000.000000,6.000000
5.650000,0.958800,0.010520,-0.079500,91.140684,2000000.000000,6.000000
5.800000,0.974600,0.010680,-0.079300,91.254682,2000000.000000,6.000000
5.950000,0.990200,0.010840,-0.079000,91.346863,2000000.000000,6.000000
6.100000,1.005700,0.011020,-0.078700,91.261343,2000000.000000,6.000000
6.250000,1.021000,0.011200,-0.078400,91.160714,2000000.000000,6.000000
6.400000,1.036300,0.011380,-0.078100,91.063269,2000000.000000,6.000000
6.550000,1.051500,0.011580,-0.077700,90.803109,2000000.000000,6.000000
6.700000,1.066600,0.011760,-0.077400,90.697279,2000000.000000,6.000000
6.850000,1.081700,0.011950,-0.077000,90.518828,2000000.000000,6.000000
7.000000,1.096500,0.012140,-0.076600,90.321252,2000000.000000,6.000000
7.150000,1.111100,0.012360,-0.076100,89.894822,2000000.000000,6.000000
7.300000,1.125400,0.012600,-0.075600,89.317460,2000000.000000,6.000000
7.450000,1.139100,0.012880,-0.075000,88.439441,2000000.000000,6.000000
7.600000,1.151200,0.013300,-0.074100,86.556391,2000000.000000,6.000000
7.750000,1.163000,0.013730,-0.073100,84.705025,2000000.000000,6.000000
7.900000,1.176500,0.013980,-0.072400,84.155937,2000000.000000,6.000000
8.050000,1.190100,0.014210,-0.071700,83.750880,2000000.000000,6.000000
8.200000,1.203100,0.014430,-0.070900,83.374913,2000000.000000,6.000000
8.350000,1.215600,0.014670,-0.070100,82.862986,2000000.000000,6.000000
8.500000,1.226700,0.014900,-0.068900,82.328859,2000000.000000,6.000000
8.800000,1.254600,0.015400,-0.067800,81.467532,2000000.000000,6.000000
8.950000,1.268900,0.015640,-0.067300,81.131714,2000000.000000,6.000000
9.100000,1.282500,0.015940,-0.066700,80.457967,2000000.000000,6.000000
9.250000,1.296100,0.016230,-0.066100,79.858287,2000000.000000,6.000000
9.400000,1.309600,0.016510,-0.065500,79.321623,2000000.000000,6.000000
9.550000,1.323100,0.016780,-0.064900,78.849821,2000000.000000,6.000000
9.700000,1.336400,0.017070,-0.064300,78.289397,2000000.000000,6.000000
9.850000,1.349400,0.017370,-0.063600,77.685665,2000000.000000,6.000000
10.000000,1.362100,0.017690,-0.062900,76.998304,2000000.000000,6.000000
10.150000,1.372500,0.018200,-0.061800,75.412088,2000000.000000,6.000000
10.300000,1.381600,0.018710,-0.060500,73.842865,2000000.000000,6.000000
10.450000,1.391900,0.019070,-0.059300,72.988988,2000000.000000,6.000000
10.600000,1.401500,0.019470,-0.058100,71.982537,2000000.000000,6.000000
10.750000,1.411100,0.019850,-0.056800,71.088161,2000000.000000,6.000000
10.900000,1.419900,0.020310,-0.055500,69.911374,2000000.000000,6.000000
11.050000,1.429500,0.020690,-0.054300,69.091348,2000000.000000,6.000000
11.200000,1.438100,0.021160,-0.053000,67.963138,2000000.000000,6.000000
11.350000,1.448400,0.021490,-0.051900,67.398790,2000000.000000,6.000000
11.500000,1.458400,0.021850,-0.050900,66.745995,2000000.000000,6.000000
11.650000,1.467300,0.022310,-0.049700,65.768714,2000000.000000,6.000000
11.800000,1.476000,0.022800,-0.048500,64.736842,2000000.000000,6.000000
11.950000,1.484200,0.023340,-0.047300,63.590403,2000000.000000,6.000000
12.100000,1.490500,0.024060,-0.046000,61.949293,2000000.000000,6.000000
12.250000,1.495800,0.024870,-0.044500,60.144753,2000000.000000,6.000000
12.400000,1.501500,0.025640,-0.043200,58.560842,2000000.000000,6.000000
12.550000,1.506000,0.026520,-0.041800,56.787330,2000000.000000,6.000000
12.700000,1.510900,0.027380,-0.040400,55.182615,2000000.000000,6.000000
12.850000,1.514700,0.028370,-0.039100,53.390906,2000000.000000,6.000000
13.000000,1.517700,0.029420,-0.037700,51.587356,2000000.000000,6.000000
13.150000,1.521200,0.030450,-0.036500,49.957307,2000000.000000,6.000000
13.300000,1.521800,0.031780,-0.035100,47.885463,2000000.000000,6.000000
13.450000,1.524400,0.032910,-0.034000,46.320267,2000000.000000,6.000000
13.600000,1.525100,0.034260,-0.032800,44.515470,2000000.000000,6.000000
13.750000,1.525600,0.035650,-0.031700,42.793829,2000000.000000,6.000000
13.900000,1.524600,0.037220,-0.030600,40.961848,2000000.000000,6.000000
14.050000,1.524000,0.038750,-0.029700,39.329032,2000000.000000,6.000000
14.200000,1.521100,0.040570,-0.028700,37.493222,2000000.000000,6.000000
14.350000,1.517300,0.042530,-0.028000,35.675993,2000000.000000,6.000000
14.500000,1.513600,0.044510,-0.027300,34.005841,2000000.000000,6.000000
14.650000,1.506400,0.046940,-0.026800,32.092032,2000000.000000,6.000000
14.800000,1.500100,0.049350,-0.026500,30.397163,2000000.000000,6.000000
14.950000,1.492600,0.051980,-0.026300,28.714890,2000000.000000,6.000000
15.100000,1.482900,0.054930,-0.026400,26.996177,2000000.000000,6.000000
15.250000,1.472300,0.058140,-0.026800,25.323357,2000000.000000,6.000000
15.400000,1.461300,0.061540,-0.027500,23.745531,2000000.000000,6.000000
15.550000,1.449400,0.065180,-0.028400,22.236882,2000000.000000,6.000000
15.700000,1.437700,0.069000,-0.029700,20.836232,2000000.000000,6.000000
15.850000,1.423200,0.073450,-0.031500,19.376447,2000000.000000,6.000000
16.000000,1.410600,0.077830,-0.033600,18.124117,2000000.000000,6.000000
16.150000,1.396400,0.082700,-0.036100,16.885127,2000000.000000,6.000000
16.300000,1.381700,0.087970,-0.039000,15.706491,2000000.000000,6.000000
16.450000,1.367000,0.093600,-0.042500,14.604701,2000000.000000,6.000000
16.600000,1.350500,0.099980,-0.046600,13.507702,2000000.000000,6.000000
16.750000,1.333800,0.106870,-0.051200,12.480584,2000000.000000,6.000000
16.900000,1.313400,0.115110,-0.056800,11.409956,2000000.000000,6.000000
